week,unit_0,unit_1,unit_2,unit_3,unit_4,unit_5,unit_6,unit_7,unit_8,unit_9,unit_10,unit_11,unit_12,unit_13,unit_14,unit_15,unit_16,unit_17,unit_18,unit_19,unit_20,unit_21,unit_22,unit_23,unit_24,unit_25,unit_26,unit_27,unit_28,unit_29,unit_30,unit_31,unit_32,unit_33,unit_34,unit_35,unit_36,unit_37,unit_38,unit_39,unit_40,unit_41,unit_42,unit_43,unit_44,unit_45,unit_46,unit_47,unit_48,unit_49,unit_50
0,235373.2371797093,357336.2247681574,219733.49195295444,188157.21715596065,243723.29567594148,315630.5227047872,332895.92209205596,273920.8184511215,243253.5187252953,350245.08003728284,359452.12302435824,257847.79075262754,251342.01006876162,302257.169055865,313611.90871400473,294644.439293575,252278.82329694374,253097.3463928981,291245.44102472503,356830.3845681136,179964.40336891287,187028.34830736526,320139.00831729174,265963.3190991005,327470.33132943773,273935.7489898228,255689.57489482968,367231.95480374567,243706.84620944248,288890.7940447255,281972.49347262894,190655.2375059465,192862.79234563716,324094.2342785049,268775.4055093376,303508.3460648402,250820.44243595292,345525.2937942433,339615.7884844287,274523.71373549406,202111.33162721404,337321.99616198573,273316.1978372386,280821.9898144608,277997.0934890704,186013.83547552244,263363.9241690706,189634.03962435672,194862.58845340787,339484.35673502396,201517.07444659792
1,258880.56174565712,342647.61982707755,217142.83509616018,174992.9109958569,233225.3837199434,310615.983428607,319867.7332847809,285084.5044751041,230286.36165782958,353776.88138515566,363772.57551217877,252875.79800170584,250980.5845863353,280742.78043814487,317301.7317079739,302553.12324098713,251946.49071525977,255693.7858826779,298695.84779634717,349627.0905462057,174670.00641061043,182411.9189444363,333739.8658209815,250907.42908587193,312638.3992069424,279678.88244730124,270026.2555667396,358634.8605493713,247968.5893687032,326547.3261964526,270712.93514159217,201397.732556872,196262.2725233745,330135.5554553262,277636.619291844,316111.2823810554,245755.58723235465,329482.0056024188,331830.32599813683,261297.76505630402,184696.89079683425,335155.66609774507,274747.94228606176,277279.7652584363,276101.40779533854,173926.01477393208,268597.6101855629,173541.84734881777,178734.82914647745,330492.32746012456,191676.256811596
2,254232.5220605367,351947.3099857362,229298.23103477215,182379.33925366736,224863.76385829417,304065.91962296155,331648.13177695835,269637.40775316977,229583.67548658722,342172.2193921735,355237.88183692296,260233.92589129176,250272.9131532195,293057.5409270863,306638.3438454681,294320.5769922776,254513.15915236258,251031.17341259454,301246.1231694469,361662.66706666915,171060.05686412135,176074.07375674546,317857.8704354894,259325.17380713305,329254.8146585183,267696.5669764845,269703.34419442364,357852.851587236,239902.15468691074,305745.6955352078,270208.5152865185,200346.26686972124,203505.093455313,327115.51204608206,284393.2724810412,304013.11098094785,265830.68352322915,341722.90426731424,324193.8560621203,248885.13170790594,197151.38956210896,349863.41693043004,263076.79475485475,281586.1943549039,271160.7079625036,178246.45146372908,263789.31900855276,191887.0025277415,173269.43584769676,338814.1959978036,203552.90464077995
3,253204.32728667272,345296.23920130136,236731.10930473698,176370.4613052655,231351.92029279302,307590.0586690501,315427.03752224176,277213.1414323969,240570.89874710038,358287.0028702682,361836.4410367796,255414.758469184,268373.144331565,304307.16547381197,310565.1317834542,294648.82269229676,255994.63696797992,244187.82194312417,293980.50455836556,354482.55402033345,175077.61499079486,193780.96847278983,325213.25111032894,262706.43622534425,334633.2586282697,278084.0308019152,263064.63876261195,364431.0863871714,224867.66840993552,281908.18709854555,286876.9349659892,196387.72942723392,197569.94195141766,342537.1015164378,262208.54907297797,308484.2182418668,252217.32691307072,333323.6447003994,343813.4495830895,246796.68725901048,194158.37583028627,351255.12133416074,274121.1765155796,292814.0848831322,276620.47262011154,182557.92692031554,284960.0417950313,185920.37507724966,185290.10947246317,339774.44213039783,197850.14877390384
4,257261.35700497686,356135.89204606635,234500.9585752261,181096.48468592917,231138.79914379996,303627.3819021713,329571.29050405114,280391.01163864735,231046.52329166824,354822.8370568085,352020.32937446365,263625.5754245705,255724.14108369738,290840.3613861587,324297.7184554127,291019.5303388048,257854.8912856937,240454.30718737768,289961.484829209,347913.2822113458,180165.32933228867,195166.43241589417,313394.3900990125,250914.38016367907,326606.7693077356,277883.476417762,260000.0407625923,356424.9750662629,243860.1333551758,298447.580348542,286176.0997806468,191036.8706320801,208026.82460520507,322248.6900615432,270526.91798408737,306525.8966705244,257850.931772224,330581.8411928832,344414.81753727497,265478.2579244658,191686.47466135406,345163.44346502825,265053.81471164513,279689.03401914536,265030.1218063332,185984.19782320203,281261.88551803766,194810.16075792763,188501.9618869667,316702.66900147,204960.54058713227
5,262583.11310092726,348164.1702670092,225658.98220150807,170662.1391341267,241799.4176940148,300120.14324306307,339413.74171324726,276492.5582568266,226787.6387044873,348910.47372036683,364410.9596015036,272696.64619767084,239604.5846456841,297279.6720730979,304160.540355378,287216.26739066455,256446.6366952605,258803.18441564045,303656.4748738675,357152.5416934691,178373.7411692793,193446.6029538715,333787.8372494453,260602.7292024592,322324.093941334,270786.3584434058,270362.12899619824,353976.12602023175,268002.447605289,297021.0446008559,270731.43927202653,181462.51685289032,209230.78489894656,338725.7574018417,265386.01080051984,298589.94983994873,253397.42908854736,338633.3194022181,335299.3790485537,264098.25308028026,199121.82677914834,329992.59173111507,260138.3071669268,281389.2064639864,271735.17167646263,165515.2253635612,270914.6887959538,188683.60203042557,190298.5611625067,336105.40438705916,189069.26137237903
6,254184.13633726994,355842.4328961872,233727.8932236498,179653.0118430922,218182.05264799285,308028.5152351845,335942.3393617807,277795.1743011165,237131.45496428112,338159.2024783257,347697.8746648939,235871.0784223452,236217.00580330423,288435.8293478581,304173.5377418695,289293.78108631517,263462.1386122312,256355.31483680077,298603.0888699396,346724.1569680453,170544.86358719133,176256.29306619932,312698.6097516785,262708.14005375025,316144.8707964156,288325.17801407346,258775.79280652726,361811.56136990344,241798.98547107697,296416.1223443299,275615.4623287592,201274.85478516683,215755.24638738343,324555.5161534247,267840.9983988788,299269.0898684573,280319.1990062777,336844.8730742665,342362.29680697987,261765.39129341533,186759.17257324493,327707.6856331564,271243.7838193502,277693.0765201124,271561.96244541067,163036.08277984662,268708.09525008616,182380.98085604774,182726.5386831966,313383.48771017086,201497.92309788847
7,247106.80536259737,359302.3163924702,224619.04904091693,190573.43891911375,222106.34331297333,316447.6557910859,322551.7564488267,263682.3742017862,236177.26369711204,360043.8052706491,343359.62515730294,263695.39640448825,249330.08372318037,292600.4467212728,309826.19522624934,291568.26516131015,245025.92675267393,245054.18072398554,302928.9368611334,347229.8968608935,173824.604093033,189145.14960896518,317647.32436526177,248304.0246399463,319031.99064922833,282258.7886128132,259054.91247619392,367448.1671483975,242371.3257608018,293628.59470024385,272485.07595325727,188062.12781995427,215723.7492727969,318095.9518775781,264672.63621249306,285450.2045485045,236966.93939738107,348994.300057522,343820.19995939743,235836.1978725667,177970.19365679697,322709.85227257665,268873.3818761081,269898.2697627366,278132.3254893976,165357.0998478773,277953.7965069533,187417.42218398507,186848.9022288354,333380.9084368645,186152.98762927094
8,243215.12757314436,344894.6126871167,221894.4475001326,186067.06359373918,233196.19277624812,308974.82607915445,337332.4314290476,256782.52185199663,216449.1288741658,352509.14603661286,338930.45370409463,261095.6821674805,247035.69799682466,291532.4038269856,305768.71428044635,282177.91771571763,254904.34075908907,243520.22958599147,300396.5477045241,347140.3607022706,183111.98132421044,183176.20736747238,310850.6883831655,273164.5020986166,317313.03252134094,270043.46881985106,260330.25624045148,357538.3224341442,238558.8490731925,297965.85143577756,264772.54691223544,183525.19192847048,195726.66179886725,346378.81125154,274673.22096816235,307926.01963934145,255619.6250837861,334805.5933534634,332331.1534052007,254300.5202331714,189366.3264130288,339026.85229111026,262095.78750759203,283879.0144955373,271097.3688820435,169947.04209191556,271382.09661144874,183955.4220650649,180539.43166106124,320527.3781311155,191020.30331177133
9,250830.78967753836,353292.12456189515,206444.65375231087,170392.01005725746,221972.83178413723,307491.0839591435,295455.93641257146,283674.83891356527,217761.11007326577,352348.42889793904,346788.9899216466,241471.4732818144,244394.39712501774,283011.3542086948,306069.5644230149,291104.8507995159,239907.51131120857,254770.006707662,296899.19435720396,343715.1749378893,175436.8294702322,177080.0594600737,312811.64572477184,251104.48887644787,322338.45222130424,286684.2324135452,244703.90266864188,356408.52844654233,241212.60764114448,291272.30197473563,258504.6019825681,193372.26308663734,196818.1716812907,318526.25147704635,257597.74585496905,311648.1239496545,260502.5532865907,332167.70127018075,315683.3036085304,248570.7739510046,192096.40263053583,320152.98353917565,255997.14760248666,267029.83148139366,256442.69402483848,165064.29747539212,256824.4097836145,182306.7407215925,164992.79823369865,313763.0285944228,208769.4946525587
10,254956.4136624955,343980.64207500964,211076.3502856705,172598.38096742582,224243.90471632834,302332.6015512545,315048.1101463477,265731.5010138183,225765.77232543248,351419.6990705354,352414.4724300867,245124.8365700723,242451.49655016506,289239.9645758457,310938.78527648456,297750.83331822045,232646.0198805494,237334.99718323714,284539.57919190207,351602.5514787132,163683.70627268983,175971.79227489713,323051.7822774202,259233.84110133752,314413.5705870554,264912.8735051062,246626.3849401109,348688.4847965142,241594.94373973698,302666.2025259087,271809.6200893549,177798.51981707514,191742.3771431803,318673.2112027791,267519.9961210595,294786.20429044816,238193.89162422623,336602.58006534976,321135.5387961063,268757.72109017806,192507.33634829926,325846.1145841911,254826.58828007214,266060.80576131295,274605.85632014234,189110.4554144837,275870.7193416018,168150.13758389265,168017.15827015488,319572.5680295553,193046.47825801134
11,248745.8901757773,343685.0587795394,212101.90867680553,163340.09442044765,226737.28136207772,303530.9284238608,301905.8841818638,265810.02531404403,231151.40131594476,340912.2235279061,354259.0170548996,248576.50218017903,238743.7286429445,279617.34094156604,301983.1588483434,291576.82736198517,247934.82636216478,248031.30269009894,276843.01244588685,334997.17529073526,168873.36481143846,175341.8443392671,303935.5572515532,250844.97090326212,321358.51573270006,265852.2696216373,250865.58137734004,331108.0991690273,235880.88596720796,284928.27985216945,267062.99447182706,196460.76253014826,182160.73406447837,325306.5320094009,257166.02023714597,289441.46398385253,248084.4858061004,327533.12389818765,326270.28239980986,239864.35679374597,190528.94277407628,323347.8764082173,263348.8935822852,278536.5666274182,257379.9583461032,172174.34290155233,261367.4965174694,172350.5912961508,168694.41484576394,331556.78245994495,191826.75276090088
12,246149.20000638452,341147.2483768466,207021.87115417383,177876.8897574954,213440.31575840234,299443.91753666283,302281.78330739884,267841.0299024633,226650.22939562757,341817.22877739335,344915.95207224536,248125.78021797584,235683.9331209614,283803.8248331856,296160.6540365912,281279.51691066276,251634.43817408403,253365.40260218325,286501.2881357055,339193.5189539198,162827.80348869332,177056.51280730407,300318.88747191604,247998.69117648565,326178.75579529454,253507.84525822863,243758.2067178489,342718.17807514936,244816.38879299475,289955.52718339645,270774.80512383993,190840.19062825228,180521.07437179846,326758.8777788907,263535.33808512846,289839.4611156989,253620.97826748175,330269.6406981671,330305.2885207945,246456.14533951666,171985.04621679234,325552.49821287167,269711.9226818024,289052.5250909006,258144.92624653454,153189.2439105602,241858.38001790503,175402.78415702377,176222.87530056524,332224.1906599476,203851.71841178782
13,236967.80177718663,335669.79956073547,203381.46301457038,170001.33622947615,221561.3922779402,289750.4858327367,299993.7173276085,269130.7834269882,212135.891925994,337322.8535463679,338556.44878899964,248371.5835330192,245477.10792876224,278620.7067285622,305870.1877425794,266897.3714520095,242331.54990771384,235362.45943289463,278703.0386514899,344856.0560511039,173363.8497678174,176087.8126729178,292129.3209256419,246479.68840128582,312006.45771346916,271525.50434684794,240671.1637140786,332698.6886781811,236238.73967218463,289366.32846961985,278599.31753147626,162850.6360446249,194232.77639190498,319480.4595541427,262823.2456874527,280689.1317151801,241800.99958307616,333025.78442436026,313144.22937344393,232469.33942433292,179815.19835591374,328677.185486074,257102.0535723913,269874.0372981202,246017.61142986195,166285.93926948262,257953.1230325529,167489.50927570782,170898.4629658544,315512.2830274467,188905.4586794176
14,228777.83256413502,335205.281597383,205552.20734120355,174687.08744744502,203921.95827098706,302107.98004164855,300069.6321134259,269081.57368560357,216872.46407462095,355148.6006058075,338346.8904035747,248315.98067890384,233302.14253683572,273709.2037061867,295649.31958703,288394.8716660621,256683.08671900985,226946.63618920895,273696.1280583885,333910.07217774226,153651.6208904139,167338.31361878786,294542.5163210174,252452.58827311295,313165.91612134577,261973.19966264363,245003.0387833078,343007.1235053025,243679.6746739228,286512.5585688843,283901.77386334125,163242.25383048313,184340.4015117423,318545.0082641773,258320.93825598343,282220.6565178219,259971.80234173266,317654.02707597194,319453.3389577653,230402.5732987285,178189.83530831165,315571.0817477637,256569.95430853235,264928.5481796305,270341.37845013646,162478.88173527815,253648.79527679386,167855.83805680514,166356.3408089301,327138.48992397555,178059.80297156138
15,244357.8209666677,345163.0137702828,215424.5381290784,164252.33533750012,203593.6361487239,293179.5586930172,300717.67950135603,267308.2397422366,206691.18812265067,329464.7752959615,334304.9740768647,237788.38813021104,234346.4875480045,270647.2353680036,288968.2500232374,279760.14451251295,247344.8590430282,244230.5720892664,277430.9077940742,345662.1587191575,164076.9542086356,179506.62614862472,316573.64615843643,239799.2708107403,303193.62357715075,281297.7594365544,240119.73772994208,349457.50972549996,226888.81678651614,269236.049388849,258298.5283493431,178464.14910750432,200367.4562875489,324373.98292333446,255344.25521111544,295812.684826305,258825.97744796553,341285.83183885994,314341.1238723778,234414.49688170612,169611.9828740046,323676.2347389665,275698.3860495273,261935.34700730405,261336.18273540188,161369.94304547945,243318.55202716036,173388.12736317466,146762.64714874624,321840.7187605903,186027.4402288801
16,239834.57532157077,344412.13106918294,209285.99123179077,157209.86823635193,214205.39724007904,292486.2192793336,305017.5708539253,254383.01784390697,224187.7491517485,339663.77973054984,337374.357428662,232691.63209248,240985.9213580059,280346.1193951848,293931.5097093792,279939.9560575792,252658.7776301799,239489.25151967842,281494.4549291366,337285.17708090635,155797.57949340186,171345.7415457138,293671.09750448813,238788.05718520816,303273.4249553685,276169.566964883,247288.06505921637,337515.1567586458,219063.99015826412,281386.0749321949,242015.46149672862,178692.24481433735,184412.28553332217,308328.5084841094,255268.25381073094,291730.71734925266,249226.98778172326,315526.7628210067,318451.6570523448,235355.06025891166,172058.86949919484,302908.54451780336,254283.6044604004,270117.1080321817,254781.83131670026,156305.47592137757,253740.11559600977,168591.25669160864,158581.25360139183,325854.38349059975,190483.93456792223
17,218660.35995532593,334079.267810635,206095.4637406469,166706.1039306502,204568.52480315167,280913.3801213709,314353.9547124977,255764.3039360051,230143.68171455644,323174.9030978377,334501.66295205744,230866.61452974423,236563.25104539376,274195.62525110634,294147.00667098205,281761.6735285533,234947.3714698963,253734.3218704618,270357.2124833035,330379.5758686803,169610.41469587115,168211.48857167305,309842.6692969823,237703.0148468148,299449.03345384484,273909.5789997771,240000.61686315265,336278.21354376874,229821.43146023745,273192.53336777707,275415.0949741307,174807.7356031717,168662.4369819193,308094.47826060484,252217.25722035952,292525.76554847584,238999.09317782102,325892.4551843029,313601.67183735553,234569.1345530414,176512.5841419885,319118.76305752207,236852.65621105736,271288.73901617294,244088.25984566592,153108.55115175247,237996.26256278175,163315.73488111707,167612.0057996269,323291.3031775066,172964.24771215674
18,225976.97331307144,339473.47308543226,199536.61430883585,149284.9142898189,202685.98518926217,301530.20441841887,308195.08619994763,252106.87458176806,203296.15073221465,336546.2623483521,346543.9550131312,231493.631945464,233392.39051561334,268553.03351131885,287059.3566207223,287240.2692779203,231931.5595981606,226832.05180602972,283691.10304537724,334976.69612650794,156407.41110675177,164703.01907735877,294942.53624843823,231522.51033429967,298969.72488119313,257802.3070374681,238050.18986975905,350691.25278447726,216833.30647769626,274358.91552651435,262903.2365018374,171563.98148584177,181980.9988105429,323448.2825689361,251130.90807758505,275983.2670113076,236685.28950570777,308486.084212533,317181.7127189987,225152.7504635015,182742.91540875705,318130.30423125933,255022.04670886768,258142.00738494468,260083.87801389137,154186.84092985425,254538.1124019294,177688.44111410488,168813.46874075406,318318.41256489884,177959.42445948508
19,238324.26597417783,339319.9902168158,197389.03083394835,156173.927527664,200790.21628184777,299910.237604758,299243.58660355926,238720.01663188287,206882.72951559603,315880.06646724616,348815.22478328383,238196.2549640895,209455.12695919667,278713.26283274556,302088.77246031014,286240.68204101676,245829.6391014599,246973.40752088698,279056.0418171143,316191.5457456833,163774.31815540127,168249.22668862605,292976.2109427282,238923.0732985393,292649.60022330796,264773.6409544147,251044.59979196126,331223.27021846076,224724.45859151563,273215.69351792446,258049.50622030778,161523.49095899376,175696.09504453963,313417.55595152837,256435.31463841963,274835.56368492515,238133.50255579688,312615.84104688716,329779.62011590856,228273.7655368359,160764.88081513072,316388.03319477726,243077.77705941536,254527.05598273774,248863.00079201715,158360.20033308907,241210.4068754009,160868.88037057398,164720.30606637825,293385.92355014395,182060.71557422282
20,237647.91714331188,335401.22137991193,199549.46890707107,165439.52460887394,207594.56160401585,280453.42976565607,294852.7528987732,250696.61414222003,198572.0348757187,321433.6739642403,321304.94252718065,236332.97140620995,223055.84709999835,262115.36477160535,288002.90847201156,274369.8648208036,210849.9099250645,225398.23195076562,273509.81637847895,332464.622687274,144837.75476764858,175786.74272524597,294874.82049166085,230981.362042841,304849.7573550793,234731.37233047624,236669.52425309393,339410.44167656207,221398.09193060445,273690.7550305074,253377.0192005423,169848.86808122578,167765.51496989813,291402.41160206933,250513.6978747263,273152.4818111276,231171.76237839455,300846.498665245,315549.98284663487,241836.29024753862,166731.23796893517,314121.16013690096,246152.0649581712,250634.5296682614,246926.72385219953,158213.69204201218,241598.13545433403,152537.19108942334,164708.24402304395,315794.13679989736,169890.87872862944
21,222989.06437219548,312349.9897090509,192874.68865325177,150429.7373651441,203984.37595743552,277647.62718252774,296601.3476098116,249928.6416419291,211045.49756021745,330926.5097183344,337302.40130131465,230473.58644960937,228432.50365695945,255661.28311525084,302387.9361303711,270825.90628771065,225058.05553771125,238273.5403134846,271475.38031381095,333762.2089391685,149190.89059219125,168744.29521261735,293451.0768453186,247489.60454174678,304324.6704603231,263055.4486792035,237082.3467018861,337721.8273999831,234054.6185357536,281542.80980240623,258776.34839492198,166519.4300096841,178421.77318810706,290541.55730257346,235240.63963984503,282336.2106775883,245659.15306464487,301163.26678659074,294752.6730689962,234905.30580608084,171646.2899960868,325967.7069199382,247373.2573726464,245154.48009983788,250999.1160872437,156323.3687105363,248036.8184513723,168250.46149167354,145076.65741123553,307830.2437338665,175001.6377546722
22,245394.34837080256,327794.50996031263,199391.91903621942,132753.518371194,205576.8590622139,278428.22341067746,319652.59489833337,241284.43017473893,202829.16674845642,327477.9014297379,335344.45009594865,225732.0784132752,226702.6586933046,261615.74754012373,276691.39145789493,264543.1726872727,228289.85632682292,231116.61513581034,270936.0891860558,329102.8599157412,170245.1096931059,150165.91934417677,278367.2247116639,229180.03069002982,311634.3407865103,252468.1760427935,230961.230716057,336185.3650397995,218341.18425423081,274407.622291735,248707.99366935805,173036.5292951069,186717.21543885217,303098.23377751536,243092.63520053672,270488.38466197415,233880.4959880177,317808.07653902797,311185.454652279,247638.2457085064,179587.40074456605,308073.0310153168,253778.2536274526,240778.91188758166,247330.80083339004,150104.7522468446,255826.53716191868,154729.72083346898,147294.16722686178,293578.2635567396,162546.42009646667
23,238089.26399611283,338064.16232441063,196404.58825912818,145934.95615255294,209695.75617923556,291121.26801296487,285798.8088793866,235706.86054303654,207380.1260157158,327907.99309542123,320312.5372778729,233349.10362555878,226941.0865286737,280085.14434240933,297735.7157339022,271680.7015067119,233374.6154311847,237658.57230032398,276736.17710497836,321023.981876154,147164.73881055394,154461.73226831073,289691.98255158396,232624.8573318498,310154.66020010016,251218.2751731985,234778.17985111548,341312.5402077592,206534.6308889271,287970.270924068,243963.441787596,177130.33363291068,167985.49775975407,319164.3749937766,236943.08512293137,272927.592836189,217359.97350427354,293183.5787408826,310980.24305500375,222956.65582906856,144446.01576527645,319452.1798556361,249151.95136121326,271231.8405581516,254949.20679137053,156592.08840135537,241158.31445502088,145453.82098563033,153810.659477416,298041.0702947962,170901.48181371094
24,234299.41338668903,330206.28831739246,194911.20339127944,168685.53186308726,219710.13502607803,295722.25236780284,310845.5749192785,248150.65027293225,200524.8403350696,321008.0188955113,329994.1292833017,229480.73496723204,219933.45149439023,265947.2025670937,290066.4924184463,268658.1838810808,224291.87482078536,236314.5077046442,264343.9109843143,318087.4968603283,155203.5175024992,169204.03763695105,294744.4848048491,248402.21940311108,287265.1365720271,240746.11112206502,256600.40920749417,344035.3109357576,227716.59209751128,274452.1239777007,247855.39741131218,173098.78750457798,168050.9455489495,314419.3200920042,252265.05363179775,271718.40043129487,224175.46711548755,312331.17383741593,308463.41469349904,223746.09507572922,177046.28838693205,314582.31309661234,253942.22297032186,245711.3071755819,240279.37001506996,145351.03887017744,239640.44842017742,159742.24287183487,164217.10615528875,311127.44867351657,159420.49550306454
25,225700.15334177107,327003.522145764,198662.43490650356,151161.16942282103,202174.89029603289,281216.91437973484,301523.1358375029,245738.68067358644,206800.03062031968,323538.9293700658,318293.9654468588,241836.82326841503,235406.156316317,264894.9261775086,286630.85808326537,269521.45176319126,235269.90015345503,223476.96429356118,272746.6039440976,332025.134638052,157007.60892734164,165361.97459705774,283841.64727290696,241132.2548175308,307601.2725768297,258898.51412143873,230673.79071130324,341165.8467267367,221467.7602805127,263814.50983943784,260436.4136962264,163754.11636547805,177083.31043287108,309915.4586195118,248159.564933961,276636.37356511655,238033.02462596417,290567.50796560565,306245.11414973845,258449.21686742216,166223.08307200272,314418.27195652464,244744.51976214492,260484.38813201,238020.46141940742,157950.58445735017,242054.19487279345,154558.29429670685,161849.2461266719,306350.0762150621,171268.51053899853
26,215945.83866629718,325329.2279636011,197497.7343804193,144706.69230827602,215057.33867089057,275180.78753616824,299113.9083146178,247815.33733731016,190328.20981211105,328873.3835632554,317078.54131202056,218019.68596324575,228055.6156313158,260052.61852286174,296972.0575262019,263308.4050515853,220855.6090877578,226579.08794279367,275383.2503997468,331190.03984058625,145244.62352450794,165940.80755246166,303194.03330921376,236723.01509125656,295518.97645409405,234219.12113319442,226134.4999514114,320177.20760003186,216042.11785173413,271828.5943906311,253063.93583684592,170060.33633738657,172779.7333495946,321843.65317470155,258389.98206779093,261630.84843795892,238519.8762009835,319208.08879142575,301799.26337981323,234220.08226613796,163797.3084157739,298600.8576379306,238785.95315407636,253583.97221598917,248287.06435499928,149754.65289398792,246849.40787863187,154402.8155799684,155333.92522800586,303914.08164311666,190132.905943101
27,234205.64889774998,331037.4970395202,200510.9078294805,150994.75266085987,203430.3943352332,278056.9588753367,324686.1182636094,262203.8951344678,209699.703942624,334491.12705523777,324922.3615055399,233693.0682820224,221081.97687632963,270377.3005724501,286356.1542500963,269887.86262185744,243877.48185888643,240247.88100175344,272355.09633953456,336177.3994166291,145066.3171331538,170597.24956153982,298635.2538775517,233551.40636998494,304400.12033585366,258299.95516826332,237625.9345492924,330902.03843488137,219356.0972043439,280722.8132197406,257302.85504682595,168354.71413211976,178557.0420896341,311478.49783113156,251672.7421193389,269536.94239322393,234953.1172120971,311480.5275543938,308597.00091718603,232234.2058574161,174642.86773264108,309333.6460365173,239344.50385145412,256424.66438131416,253414.00420839197,160551.17054592934,240880.76064679484,163273.83809147592,149205.6387180579,308967.9182227172,176055.842733122
28,242884.98681527463,326798.5255774342,191761.7974544202,166893.45028828923,198706.82778186214,291039.76428486354,304174.64100137586,250413.65372955,192300.34267718252,327150.40657549084,326703.48014465696,242010.28945533477,213170.31838157092,265394.96156196913,286335.17970442155,260526.8266243015,241390.69655412645,237954.2607645764,290007.7058177807,322841.71862467955,152223.8673870289,166772.55672644282,297372.8832523139,225774.67738017061,300797.94225821696,241489.79238130746,233028.0345650505,329890.6735418963,213652.42540762163,284229.8103818183,260308.09620506223,153320.19176094132,180346.4562516895,318563.24381213007,232362.40553513702,281762.98166012653,225339.7498031347,311420.1651233678,324195.80439593556,231850.9168932789,173759.9938236478,306896.62211223337,242713.02700637656,267442.71690346574,249970.01491741248,147657.41640274387,240005.9315165025,160235.07084936916,157635.1928660314,311541.03562398197,167671.83307643342
29,237187.1350772882,337718.3162955049,192521.59478656747,153378.90591362098,210943.41769658448,289339.94345315883,296432.9299153498,251164.55883172664,213482.0015831289,328854.39199714933,330291.744758588,224092.3449674763,217811.08745185027,265074.90870108345,280780.52754892054,280730.4134754262,235328.51251775934,227915.8640694516,267970.9825482889,324345.74241682596,163188.61957815973,155987.61901958133,305328.8237832542,232385.81753090635,307873.30026316247,254527.51907316505,236841.06170992285,319380.4273172421,216160.4403713182,281054.53106203594,247976.75024226357,184851.2319198491,186456.69496124508,314431.384136866,242251.4437444991,270970.2117955788,223716.09843022627,324163.947828553,321190.2606323695,229365.41989497136,176642.6716600963,315319.81708549365,240722.9236179581,253041.6848955491,253256.83699407184,141943.00343543306,244437.24784114372,177919.58320258002,151852.4815603834,305242.5103398926,168609.9357492512
30,222743.60958972163,331703.48296660563,195324.65457825147,149763.44682428226,206900.17996682244,286291.9448378559,306272.0075231313,243172.68838179272,219154.70418583718,325303.7145505737,323540.0226747639,231752.93678029187,223809.92168050984,276510.00287887914,300588.2089057561,277733.2579912809,247488.15626200475,233632.66758905712,281185.48707880883,325701.58516346756,157551.95914467936,165739.7953552035,304196.1984540333,245335.28811628014,311239.14542715915,262773.86818206264,246807.2926163876,339343.656279525,220616.53741112413,282494.74351054005,249214.57431721012,171983.03384127663,164706.17681705632,316692.9503937194,258764.82820580245,278561.52205877606,233122.45867403952,314547.656899942,321753.74485726963,220825.18372167373,179533.4027135062,320464.28142617753,241232.67952836654,255494.70055453913,261246.09987598503,169068.4648212571,245540.17594630137,166932.34545212367,152147.22483717467,316584.37733053614,174141.9632813019
31,242225.7806564532,334143.3298681064,195871.87324558382,174693.4029575114,224523.65553851504,284550.7531919444,313771.180737063,254271.99042007877,214653.3831010026,318928.3889335135,337211.6538981405,226863.45279048235,216288.90412375596,284055.8145961545,281326.52402800176,278081.78822985076,247617.83374831267,232271.82276793782,287494.75842619454,328390.14040975075,147613.51276151938,172682.95205378265,295433.53039935767,256454.90698771065,300270.26777373126,269676.2040262615,236625.64484982664,329193.85795359954,218872.74184980904,279752.26532277686,253071.35781885462,158663.61624482973,176572.0661469754,311947.12890168326,263558.1157252044,283302.7855344069,247003.03507613912,320178.04368008045,313441.5446419668,227378.26153059566,172465.2814790028,316287.43251814286,264222.7020662352,252458.99721611472,248181.53693176768,155613.20998104234,246739.0402054724,162440.56472347016,172170.15400363647,319209.338602323,169518.9787373944
32,229786.16041422103,340038.1830521401,215555.2199214076,163089.97994972236,205714.93696487107,283243.3743105286,313625.8077973189,265945.710799384,219510.6703635619,332998.99835463363,338477.98690592,217538.55434007378,237080.05111071616,270875.6924185907,310836.67313571845,285751.1102534275,225454.0480612571,236442.00124712387,273321.9930435736,345901.79265081265,160182.45858183168,174204.96721127577,308072.5285152179,241488.41207735086,309685.06203834264,253155.25594493683,248083.00993798897,355875.01446138974,227982.75939055995,272196.46688909584,256479.15241344704,175419.5985445304,199396.01256540927,299619.20361582225,239444.77722145754,281738.797767917,248188.92617364734,313746.8729630438,311816.459259398,234518.58423613905,172341.44164471453,317986.99476511974,234180.6524133185,266022.17622626893,253614.8045454687,158962.4601446596,261795.36686973364,175273.95071941396,155519.14368968256,322325.11996939895,179317.616922524
33,219728.84271160112,348164.31524371885,200923.96440683652,170897.97697088457,218311.13609542712,297249.8610050341,312369.8279017942,265639.8769464198,228524.92647830222,335170.6989026714,340546.2994546822,228902.83111119916,238557.78276903802,280415.42291466,291970.3886550506,270760.316345855,237831.17872324714,241637.70430619962,290347.83675138734,336988.4729506666,167910.14183235093,178036.69328130572,292689.2430081349,244431.2006110892,322298.4088242504,261287.08597970175,253387.9395746303,343758.6720796178,216882.39089314916,278262.91856797354,262383.4187713301,172750.4383880299,197791.67022098307,312492.3912471822,257996.99784141954,295183.9256847899,250276.63480772421,325286.50171450025,327178.59077535075,231812.97553389767,181622.78354109373,319767.6275805466,245676.19303388274,272593.0564112819,239600.25529153075,161433.7357171284,277322.10747684416,174113.40620425736,170833.94454211212,331814.0442294928,174373.49938803105
34,242275.92084906006,339576.3849552976,212966.94574377857,154947.49637596548,224133.92641203347,301788.849833818,308900.1610082622,257349.48394316036,218960.54107622663,341720.87184827274,338053.22326273186,251865.3723414048,239427.72369612474,275725.051903403,292562.3629545799,291258.51905869984,248867.5891429252,239635.04644422833,291020.57269873266,347329.8330040494,163745.3152302559,160337.41563174804,312576.60828782077,258357.25336970921,300760.2063216344,269249.13565007877,259124.49426393115,364998.24405438383,234100.41717112035,275079.4907675642,262887.9169458908,193923.64819493188,190096.25404430475,317925.6425189848,264566.2411127409,288336.9582111496,242394.2148443425,332161.3314763845,327145.3040315937,232311.54838257542,177691.15288549926,323504.871452477,259237.05480899278,263646.79105041956,265392.11408369424,166587.62166292444,267438.50338508334,160046.58619428313,161253.4830772643,331799.39736510185,189274.2487335614
35,220599.0765863919,346949.3342827096,218182.59815974924,180975.14995487424,224871.5625984134,307816.43003725266,305919.75289409386,272517.2480312291,213741.17057341014,333556.4655003953,350111.8623062657,249228.9950667764,237004.26050046083,276393.612494327,310880.65272074554,281299.05857646075,257200.6829537823,242048.5534594753,295664.1785578221,338251.6022542683,155983.16772404124,183024.01409423392,306417.1101447371,246206.3380320782,310623.83521214797,280811.15033829096,250284.60592492792,351878.6321890884,235423.14245109342,280631.19207067776,264572.65949264844,178195.59020375067,191737.00551537392,334172.84543182206,259240.81700235594,280217.662254638,247289.11399425322,318264.04120237654,342072.60318598506,251011.67896333168,184637.2179306552,330544.0991938222,253805.43111199813,271531.15610369394,251256.99977915944,162263.2863781749,249683.3766252537,170566.6048166267,184424.02227984808,338928.0634927964,186635.77727837182
36,245888.11000023273,343852.55928462045,226647.31121229607,173909.89479478766,238449.8412441949,297970.0791391049,319174.0730329556,284810.527769132,215234.60224324197,337524.98946468916,344596.52127388935,241560.0653556752,237569.16937450407,282441.46125082986,302406.4109239728,286168.7631253918,257039.99458229015,263677.4545141061,292011.6922247474,337345.1811903982,158320.73484249838,178135.95766858206,318806.73710236297,245063.9122805404,303619.21258297114,264411.17267751624,239251.6213190767,360359.71927324036,230690.512969034,286357.77748104004,272588.4446673956,200173.94043919447,185078.7322267972,316971.7827153863,266204.05298377457,291038.43848349946,256672.37992049605,344018.0664234971,330071.8716662288,243013.83908150342,185160.75630038598,330899.08700007736,254176.35473150897,275976.904913689,262971.90469155496,151688.2090134172,260043.58126603518,185115.4973742093,152465.392426883,330045.1626447144,186270.8322133468
37,255885.4691228977,339248.3728042556,216527.45494642004,187841.7912551179,217911.5486850911,312656.56224137405,325931.33602119423,260608.63377870733,231719.16227759706,335964.60776256357,349927.8834787843,245760.4823146971,245714.82606865157,286617.0298451068,313139.80877883936,270570.66765292437,255794.37989903433,248461.4868537959,296800.9836761021,330608.2406217756,183243.55476904387,177407.72225021297,321734.36945124384,246751.89994165683,323991.998230871,265796.19864530873,272896.6126618395,348078.99324306886,224755.40116454614,292927.3922139706,279988.22035627085,184342.57693100316,193245.60628274918,325382.2112652888,267511.2722478149,297340.36340777756,252877.7362781811,342556.3089359998,329379.5287830735,258300.92259293608,185708.78250047565,333979.88840059546,266600.09813052026,278188.5538455519,251882.78001103888,179429.68711908895,268262.06735821196,182345.04842670448,180537.22926123266,340265.3516813619,196766.68788774658
38,258972.4837291613,351728.578726537,216627.33297582387,187681.21790232713,229644.98014250427,303489.8461875604,318213.3062594569,272529.43475649046,211454.04677645248,340243.86587924516,349243.4953729954,254988.66785693748,249597.5712797715,290506.68536312686,308207.9737466773,293047.2501621807,233667.42470440303,264890.6809824834,298047.51547840785,347076.292303128,190463.07602915712,188543.40118172587,320982.4097723707,251889.32074892343,313842.4191058252,285486.708203875,264108.95343792444,352251.4364742135,257705.2443156586,293958.92497777496,284068.74392238946,191692.77059902533,211185.49671693047,333015.96479925787,270813.81271266507,297094.68230464833,253546.98643332272,329009.3509950645,339636.55491685186,252140.05543661097,194784.1330292956,335967.69569465646,267276.8511493295,279809.69612669543,270751.3446250111,157702.7653692067,267328.64271812054,184459.6227864916,180661.50780636378,326523.9463673747,197424.6475094971
39,275342.8783042251,358994.40360765683,225345.10398504994,181183.51332111962,233308.9039395325,311075.84112079645,315807.0705984608,262111.63071014328,229091.61237334734,348268.7264828683,329565.9551644725,250306.96554006392,230289.5580758219,288187.0233161992,308298.5854835527,294062.42164083116,257389.22356766913,251544.84193644402,300108.14906641084,363016.55790376104,180467.01125399588,203199.72510218786,326024.2395439449,272212.5566439787,325608.46676391026,281420.5533365517,264125.92910892825,345778.3916659876,235399.80875299676,299091.2260305619,272069.73974439246,190760.69243287505,195286.1109499809,338770.0995949003,270871.05135238427,318030.2096803341,246265.55264661825,342441.61203905434,326064.3547094872,247884.69255243512,206797.88485344296,335907.5530186842,274546.58310056565,284617.6370269845,268102.43008434,183526.74376389827,279831.65815033775,180669.9894922069,176116.71448170868,341100.5244186202,213574.91619134313
40,261844.593666057,360424.8550529169,240977.96357129916,185475.23948627294,246499.17291602906,331515.1355554247,317605.44064939755,292753.23941062886,228410.3858424046,346623.39319724275,369283.0611473454,256035.47917678897,252106.16332683063,284673.7206697553,320234.546649237,302371.44054358575,243552.71241782454,251657.36176770082,294161.8831493694,343753.42734197224,170945.61514822475,193387.55456764167,337732.5106443069,266814.3674890623,321752.585993041,286706.48463193077,259253.12152377126,368361.0019101933,259691.97999450058,309690.5887429619,284477.2236558219,187282.9837180952,197798.05829268813,353675.17658323195,290020.88969479635,311607.2467661956,270166.9628091426,367428.28486873035,343637.86385442223,270393.5261265959,190771.70123735204,331339.6794427332,272600.26785915723,288280.1774943468,289760.24685229413,175394.1804982818,276478.7594839696,197367.25876548185,199238.10312142334,328383.703934291,194665.92590440103
41,251495.47976637635,359730.12235874654,227594.5300515216,187284.89599285272,226207.01172277844,330357.7374150013,319190.08019164664,269557.3995467536,236244.10338484912,344978.39986077056,352513.6688382793,252987.22867168943,254595.35296572174,283130.60719255847,304048.4573059077,294091.0950644702,261332.4883039296,270557.99819351523,310585.43850324233,357691.3560064686,175610.9107138809,185715.52550113914,321869.8812367929,259021.44905624335,328098.9087402149,287369.82582675916,274436.5616186494,385963.257274556,241798.94601800872,299598.4029958551,278997.7778969616,191664.43049386708,211157.9979904508,338985.32696408493,290897.92323290557,313954.06066747406,270012.609744872,330184.67803464376,348183.34278781165,270013.4797803594,203034.1983929693,332521.3197598957,274435.90986272995,288464.0691113711,284961.13794390013,167773.6577451215,283486.19224111654,190622.30274574962,192243.7219033477,337396.59137423994,215625.12895654573
42,267091.9159401708,361189.1056197813,239765.3788179301,213154.21070175513,227775.15259572552,318840.23575154785,331196.9632494422,288036.34596500086,238197.52032427935,352805.1907447894,366162.3359994141,262168.4048256981,261307.65351068025,315047.13885792723,316876.295631154,295884.746677133,257785.53442969048,270350.42085023446,311049.6218049538,359216.3240799147,187111.1215947929,201603.788995392,341253.49063285755,280618.5078037138,332194.3140446864,307783.901771629,273237.5602231728,360969.5787638277,244321.6930603934,298134.128394534,280911.41743451724,203357.10281557514,214797.91061653962,347160.60450885864,281733.24422063987,324547.3742367918,258500.49300135326,337844.91073146457,357207.08068563143,271372.1369750699,201736.94403259526,340003.92500969925,273836.97519821045,289105.36505258107,267425.5137706388,174302.20558085712,288809.1333681127,193052.55449369433,188589.3269015738,349633.5560657731,199880.7865286688
43,270303.7273895502,356138.5511970835,242851.88991157486,199668.8367151548,240507.89354652967,341342.3575156331,325858.29921679036,290440.28766948666,234266.76536216497,349608.4208939998,370702.6502590607,264476.51901942247,254060.62594177492,305709.1904035755,320386.7280138483,302034.9433331566,266736.7533299422,271833.20381543983,299319.4189090148,353268.95995271,191367.41021930566,205590.8463649338,324276.35152116406,270347.55203729536,340841.46788981825,263641.09319785296,276831.5930412568,373583.7122361136,248165.01149850676,306408.92039785744,273774.93965366663,197836.3299014925,220218.13160011743,336901.1563280135,293152.57080472563,322428.5158188386,275326.2739617476,343655.2370340201,334107.9557969401,259916.13384816804,214491.0194488125,341534.2767629176,279438.3534644152,284700.4911237602,296916.668156364,182590.4822925011,276624.97838062,195767.1621018555,191391.89695184687,349042.1101121866,214603.76703863402
44,262776.39081517863,367481.1033659718,228697.965465818,206288.80206552453,248718.60549370127,319532.9191762408,347336.7322648246,301070.49051209877,254293.40603153082,361937.8411445736,363563.8353688213,282308.1871743242,250919.1401621633,309612.779547712,320519.9122395131,306146.4340033623,274391.3289356273,282311.1529578555,307114.1315608548,363933.8854883665,196167.12972312418,191269.78632053384,334590.68479484797,280360.10608368344,335748.46208059456,295581.706218577,285298.99644026544,369210.38258659665,250060.64982392435,327398.9786590437,296436.4252623812,210691.1404814014,228706.85434357586,348298.78245922114,287857.34035250836,318811.79837525514,277281.9324158491,368753.32073904853,364002.0139868202,269149.7281560717,204797.09439436672,344746.92054098943,273642.3794957752,281785.2381835902,287980.22974257247,198716.9876162357,283675.7258116,208111.47648847732,201054.0341565715,331423.17514177755,195526.75333691074
45,255838.65906572118,383577.99383684614,249224.48143796436,203869.2326347174,243910.585124556,325766.87613205396,327431.89022270415,292860.0025640262,256097.37287610193,359116.92587370984,366564.0856905681,278320.02379701316,275296.47861998656,305979.2627705959,323525.5778871364,319436.5129383791,280320.4149143762,268921.2714952421,306800.19735353475,372132.08831059496,197059.19497794934,203881.31487851232,336798.31395341875,268985.8102511693,340060.30309766176,297773.8720418625,300108.47211053636,370388.629986562,255915.19727431648,314491.530614438,295769.6865241309,208806.01388538128,218058.00103261412,351066.68203056144,289650.6016419784,326121.1219356722,271568.64315051504,357669.708682286,355679.5752795819,272052.609844848,219693.405716947,340645.24028450705,295994.2024115674,286463.66138314555,278666.1481797885,189631.89228206413,285185.7460359276,211694.84611773558,188310.82703403322,356760.54212564195,224044.94934194337
46,269056.3756848501,371292.19663614425,248263.78473361503,184986.71038814398,245471.5470610597,316488.58712036203,336589.15875666816,292846.4522978104,236760.22525460608,370120.83534329734,377293.9413494491,267031.3907064194,272149.69665072334,319214.8698226586,342460.57417189266,323529.7646435818,280345.270881782,286551.4545494732,340437.77484128624,377427.14872239804,198902.65302416444,204313.36610688144,344075.77509412426,280223.7192198268,347690.4251092472,305179.20539710793,255721.73759846445,377127.41916043864,247751.7105627706,320346.83418581454,298659.46372944175,223896.76092237153,219789.07002831434,348888.561936613,287250.5831433871,337864.5777637969,281049.09951985464,344577.50738644385,357362.17138348054,270047.4697823423,209125.8129745039,374299.28539115447,295860.97990636394,297783.65274148737,285904.8440420406,190836.5527299834,275631.5372813938,203424.02591263593,188008.8512613535,345082.0375294148,216747.17156279876
47,268480.4346210167,374812.13489796035,232122.88906223467,191810.8891492445,250019.99711202487,329878.73165617377,353285.50546040625,285043.3203482755,253991.33894918117,360012.13619531615,367954.0169140307,277738.54722258117,261423.7549685136,307420.3033316042,336372.45682108746,313318.6269440214,284225.7614056457,293986.5831676196,314816.96035809885,373023.69761082204,201828.7505406723,206140.43027922066,342780.3274534026,287781.91857665137,344963.0395463725,306938.79062406014,281803.3489418911,385059.815910602,253264.0397927103,315115.38451519125,306809.38928860927,214760.50144816466,226729.61714163082,357925.6347591331,296611.3039482445,324097.00445274793,290661.9719189821,368554.2423471663,365297.54711533117,273398.85392380273,200936.53505864466,355280.65407831926,292311.8870176071,303076.2477337383,310684.85530979175,201247.26328433552,301421.8447109558,220646.2555441548,195857.0196993518,349546.1965215472,227759.5046008735
48,272611.9911379723,387963.0487729886,253823.0426243263,215812.9549922268,257430.394769592,338844.84077791707,350515.21249228826,290767.58665742155,254485.72315894905,380505.8045312797,400859.1127196894,275247.4166401738,262777.8622638757,326147.1184314724,319400.3831000044,315491.9771402763,280052.34618152224,280873.36250472965,317093.6361672029,379836.1861728343,208969.02115542916,200431.98328279468,354868.252238711,284895.7740236588,342939.28136803966,307502.74683274043,279610.1452344445,390610.9055965768,254721.6775428158,312301.22612102726,287478.9169324625,219122.79792567954,224509.60214880106,339313.4357966742,291530.44753827614,330136.9218813095,286824.5384769005,363927.53325573093,353560.1937537999,279967.3447119113,231006.94581271434,361050.5262830983,307441.83221821825,305744.5938369368,297240.328261178,204036.82820450113,296229.5860439241,211434.45396354835,212539.59742899382,362371.6308475856,225617.54510310182
49,275773.0131423882,379293.05627598154,257616.02794688585,206906.59405090797,262955.67489701457,346873.02228831995,350290.9658395329,299573.94492892374,238913.02747389668,357670.28038441396,379445.3204123693,284869.90174468653,273101.1868205535,306170.2673121924,350821.14783560333,322414.08167718566,276551.02775158454,303040.61173263955,315406.3428821306,385261.63136998774,220874.7763965726,207406.28591973288,353388.13792226376,284186.74757070985,339459.9435666985,309178.5833402091,272037.37522990623,379356.99155737384,271976.90196275373,323370.1566235143,292498.8752258441,221671.72309235382,214919.76705610752,354492.66202533635,307829.2062771577,336886.7723548034,277473.06329615373,367268.34740613436,376016.84327991976,294114.9021492573,228072.69383437137,352597.3651053394,286384.3040842455,312956.29807358247,286861.9091186203,200703.2595266058,300402.7100231793,216942.10935346864,201585.1812887364,354464.1153099835,209293.3135187101
50,284526.0114938085,381593.51284074696,249613.9091084663,201423.6785122836,253132.44116192823,350165.25327215437,346995.85209419817,309611.07030533225,254722.23170649394,394306.728479689,366087.202299676,285915.5097158459,269747.19302143104,317082.647434091,344559.1301997311,326595.9356643787,288972.001563963,287704.4178592088,315076.62096356676,371608.32082985307,208888.20387490542,213837.55035842556,347921.4287852464,302586.98254770995,353755.29886095185,294310.7340620294,277046.30766362004,375285.86370564013,269908.2974284417,323739.45345891995,299103.9830169158,220379.21449413942,237184.22453275157,358322.1692818478,306172.12045971904,321746.399733128,283447.79187885777,367786.2775039017,365023.0755960724,270048.01424359134,229488.0821807234,360325.1608708745,308595.5145012446,311390.5686283338,294571.7641988054,217061.3120471853,292412.53673158045,212569.51782591772,214512.27982557716,358894.037927936,223531.4582417959
51,284194.8516714627,371312.2215908595,252190.0333071424,212059.37693209868,249043.9605821957,341704.94214758306,349127.2921459562,288646.7105885278,260216.6047181009,386673.7708357103,385869.0568216625,284900.0159999658,273115.8640502884,325592.6832217936,351606.34551503486,324483.7430672827,283466.5995256891,279316.6224917048,327540.16594484134,359747.12368302426,209909.2393757323,216649.4774791563,344777.5472925343,284693.07695201435,356051.7408629676,310634.73354546615,284975.49562146974,378083.910380164,268709.7235182337,317765.29750796064,309688.29577874223,229241.18984574065,217549.13327163106,355381.5684132809,296592.16987105744,322346.9699409815,277758.60879024805,366514.20747430704,359489.5419056027,275154.0763205483,217935.99504854085,371224.1889915893,287744.5589920632,323121.15553024213,291030.62943095015,186603.9584730854,300830.0515849415,216575.05218699822,216660.19428981876,349000.3105599439,219115.89062247289
52,316483.3299407693,387689.88667377795,256260.27983223205,209717.76404273062,262482.1745804136,350173.8685739817,354450.4425949804,310831.13396495004,252919.48614675718,380917.5848369331,388574.6640007468,284178.9889465397,285426.77331235405,310385.6874997912,335936.45400883444,322511.75539403997,287673.8837375436,282879.83471222897,329095.26675013104,381142.6564229234,194466.10503096905,222737.72923157015,349262.8087388907,291484.4758661694,356410.78050577553,307030.51303259673,297224.3264110012,388174.0134079632,271418.32003633655,330292.94064817316,307308.1620856685,212168.29774895063,225796.29120696915,365194.8644404249,301024.5793187882,330935.18928190117,278432.1955340313,359078.75122545846,365228.2505048836,288758.4273182103,214867.40315608226,362016.6255654307,278804.03253919317,316350.59867571166,284555.06303463364,191375.104730982,299837.05812705745,213156.2945728769,203608.44178969992,362268.0861400567,214566.3389259828
53,301228.6827424968,392532.93531762937,253625.43930489963,226327.01848463243,252731.81350276302,326809.43868591153,359159.3170175054,299905.18401778664,258340.81099762837,385871.1777704916,390848.19840543164,285762.4906599039,277989.4231417418,313368.5346881786,338151.43618443626,323497.59359593113,276603.3825342585,283502.3170763133,323890.1579307305,382183.0539154852,208690.116858276,214125.46216046892,317941.8544813235,276302.8603208005,357264.8722098385,302821.82546905696,306004.0696268851,382822.6061567054,279757.45222650294,343673.07484702417,293912.90802584204,202409.46808868955,223555.96943491715,368447.70631821477,307138.66570087185,324511.2642129683,291115.5226149868,363570.15115238127,365247.3212356247,275334.71897256904,219845.87175777875,362978.6901101145,292247.5618415594,314613.47504299344,300608.5072203326,206991.74340939606,290859.2554588973,217195.91026174033,211814.95440652053,355690.0243716069,219243.15538046154
54,312735.2724018637,381107.07967008004,244242.22810855764,203782.5261941124,273499.01967122214,346723.8074446923,353112.6594639943,291093.8654157121,264930.9060463486,377643.55402571877,381039.14724957256,275961.5072535555,283524.1310187434,315841.733183607,340079.67198391416,324194.53638142825,293288.36799573456,277281.69380767754,311214.0062109748,374039.72818164615,200989.39052542506,224092.40252459352,347988.3349430449,292181.5805970845,363667.8087442372,294217.71685516724,279071.6801508687,386743.2807734585,267523.3246159643,317395.1345813765,307764.8170687304,215524.08059928537,233404.95475612165,352024.1022754413,302641.4142569001,334163.7167726609,281132.93112839264,369105.2527184787,374305.84630784544,294347.34195675934,227110.06773038863,358515.20939220866,295092.8840436712,306725.15857477166,317325.8790994979,213895.57208229735,304843.0281156331,217876.57190340658,207613.7314261968,356517.60375927866,218785.86598625444
55,291321.79996536404,389746.8652596887,241500.24355707623,203448.5317119883,257650.04235046322,336530.22872168006,354194.8927131708,306904.4844168757,255814.03199207463,367948.4194876687,368337.16835086007,282020.7835683549,286044.5670564824,314283.25488420745,344232.97928243247,314707.2743571837,291702.3392593295,301794.29262933414,333794.31373399985,366792.6175092518,208546.9032840863,220633.95589839682,356714.73148084525,294203.3581020761,354915.2043635303,308117.07074379,295271.97221511946,386688.837401167,270218.7159823525,314864.94130367914,312022.9255937491,218392.1482276697,223115.50442403468,360653.41552584653,293730.45806019485,328173.8387105239,278698.972508977,372806.52934881375,370631.8455176062,293907.2093393714,222420.89531119508,357359.4770025885,285327.7180746401,318869.9443923262,299540.67733500537,202435.49351934093,300517.39286817325,209115.94559488722,202340.5342571041,368072.7300489079,212450.31214612894
56,304989.99881772534,388647.91377234913,244446.6701969971,210232.767637627,262575.1783075098,339906.8701626587,341141.92472225573,306864.81390210637,255663.85185465607,389820.04177206755,384006.15440182417,283310.0562096215,257789.5900833434,304651.97201791767,332928.7421062461,327159.89406054164,274915.00407138286,287593.5447301135,325647.41517981235,372909.22950369015,191977.59464936412,211877.21093324103,349923.59824459377,290815.62745929684,354718.95067428064,302101.98554541083,294536.1137513429,383812.8979198857,264515.08234274655,334978.2504242802,293910.9258100056,218071.02793368782,216228.75085806978,360248.1260605684,305854.74262750626,332307.74556569045,282136.13262719323,371602.28079432325,364718.6877866685,266080.83391428815,236386.3435121387,356524.9826447197,294283.21023163694,307559.78372448945,327629.6922567359,198699.5753231282,292165.0695339761,217415.68928413588,209118.892475566,356929.7955620784,210300.44282497172
57,291355.8931850518,358276.8354579497,243844.49210678396,215929.1555988719,249793.15891165202,336158.67999646993,356506.8041905737,310246.29353205767,255295.3525636483,386874.76123778673,385717.36929410405,287209.15645449667,289721.0235440755,317895.2287245511,334329.67593978083,310672.10493616917,276165.7635649581,292088.3473651559,328517.58624059404,384226.5222943008,201285.24881651174,217620.668877285,346842.01662217325,284700.3644030381,338234.154538967,304102.53618345625,287360.382827207,373319.5228207553,264327.7491316526,309440.10459163727,298431.3053642995,220851.24654137014,230850.82834059937,353740.6508829195,297818.6337769835,333865.9788475773,271488.5132072718,354669.989030098,377584.6710062126,280335.36927151197,212564.07379696023,363628.0717587761,295319.3683073359,308432.59587135876,296481.94604925055,210166.5039237587,293782.54312332225,224014.48329124195,206338.60413719015,349209.1019520181,226099.92749667866
58,295970.102613512,389876.51433006657,253489.58348017483,206809.462792395,259827.25362423187,334135.42797772505,365484.914558836,307642.9911704799,249237.59774118566,391346.54685865523,373069.60324635525,284424.95203390304,293945.24810323457,330845.79375767964,329960.7378218705,311138.63774428034,281609.9701897004,285205.566922805,321253.80342366645,379660.44320457487,216091.50763466032,224144.08286407837,338778.36382668384,298516.70053179364,337919.32012652035,290297.5215783687,283513.11008382076,387413.2827280935,272718.01603186567,316104.73965918424,295933.36384055985,205762.05522707925,223899.26126953567,341212.4027220839,309539.9931226379,323175.6259253645,287231.7633870342,351954.5862115057,356218.40463588224,287868.9838279152,237661.62233218204,356899.2300650375,294755.8847715124,321923.63173295266,302934.6619112891,201086.7546669468,308826.6836419476,204333.47838494935,206585.75999123155,358679.90302700055,221924.8022018626
59,310187.8445295213,366715.9592334434,237339.13569783283,210675.94113803632,251149.54537679534,340195.6675201105,344169.8417449821,295456.38827743573,251157.20287939702,377929.300784049,379293.125157395,277402.38825412415,277632.52859218285,313310.9263451732,342653.8731845606,303346.15036371205,267128.9863349093,288894.0491295564,315456.82150785037,380131.05617963185,214440.05563978388,200065.93460615975,343023.2903068434,274724.38784113864,350128.3057161969,297570.8914120023,258856.26867301748,386751.4675044285,260640.22054685897,322360.15828504233,311616.05735289707,220592.17584987462,222202.60342595982,371108.8091237214,309214.1129507166,332683.67232369777,283933.5698051688,371187.29785931366,350892.7565302542,283761.59394834377,212527.02964307394,368052.46071226633,284180.5684641304,297364.2458614449,286587.08729823545,219686.4046179443,299314.61198954494,197764.6808741752,212268.01261250416,364338.26142096485,212047.4294820249
60,292826.3254870328,379963.2569582573,239263.12430148115,202739.2062688475,249211.23405999993,330362.6216257795,350265.9503579958,302716.9087922105,258632.47412851334,374278.992193582,370221.7640021877,270806.54220087035,268087.39037923695,312636.63888515154,332795.78335329733,309373.9042229786,289878.4736909207,280149.53653497493,324456.72258327034,372361.10204227763,194911.5316712483,206881.17549757377,346451.999203063,277952.14470911457,358498.0860431454,300444.31614452373,297648.48246235965,387542.73448318936,263214.00278505875,320301.48875019647,285516.9540550618,213076.2879027386,211637.5367517634,363206.31772728264,294637.045067402,339642.9944420997,272680.8810837206,361736.72003270866,350996.5380778853,280526.11243065575,205161.76250835508,355997.38468263956,284712.9715316174,312744.64353451156,294692.99780894106,195476.47919989467,291832.79091957776,197256.82264663267,205587.07069770392,359187.9281817483,223306.83564672552
61,310388.8835713637,378577.83194077894,237490.78351929577,201235.6032779806,253923.89187667175,334385.36506901844,340270.3971866037,297249.98393444845,251606.02682192498,377187.9389668439,387575.281511804,291725.76393077074,269813.16321639606,307969.9212425439,334501.65016505483,306806.2359414723,275282.47539597214,281640.55581928365,313359.83118968183,371296.3268600376,203838.34394399365,208958.19324423705,328755.90855350427,274276.39101318835,363567.77120091673,300952.07543367724,288905.1481914892,371207.2998986198,264713.1641096843,327386.8052568154,307491.98652361403,204725.63045160123,216997.67864033583,352499.2249023927,302166.5796095772,326615.4287449242,287857.81165235356,363286.8033440471,364807.9167936558,272488.1950180977,201716.4322075008,341930.6217429855,271007.0385005084,307427.4507444229,296281.27665329806,203312.51340921334,299654.74316934263,212401.85453683554,188213.72573771112,331657.0740547674,221191.7448980592
62,310901.9450271678,371368.553552138,252516.49592631587,198742.67922700895,249854.83074844113,332955.3700099272,348380.03642509185,297214.8549654134,240029.36471760337,373802.445098127,382773.59329113807,291590.52959118545,301638.3877679603,309944.1318004629,330793.52091253246,310398.2701140216,276721.03678474587,275762.28527343814,325476.3341145557,363356.6899828541,194559.30837808078,213134.96986838075,344339.900587,270543.55312646105,347549.8152156244,294891.6889685627,275918.44890447304,388728.81600076705,274847.43755075097,307822.1916654346,306688.3342917091,192267.63533607888,216501.77199197345,353596.30823181686,281445.6671053627,316884.69799039024,284068.26187571575,360752.5537249493,341571.0261276539,272220.1569357586,211587.4765217795,364005.32417664235,276728.31642106734,291876.4327902828,292307.0461805394,192533.91073178934,301294.6242617783,218753.06467362237,198922.25514297187,348461.874595702,216754.01206909813
63,299658.33294591523,368572.17010676395,254249.83565533988,195302.87077461762,254590.43654809252,331910.25463760295,346085.2039760466,291111.6967673556,246630.8006749029,372856.888571638,373881.4022746204,269391.84662202775,264773.93642072915,299850.3559759091,332270.3437853362,311829.32074204204,268202.27330010396,277563.0192436238,299113.2233736687,377381.1747031712,195862.51307703267,196278.59190619952,334461.51602654427,278685.03396842175,335216.51188395964,293302.1054144616,272714.6426705615,381691.0046230041,252389.85164472563,318616.62309278105,303005.7536355184,196732.7147362434,217701.07230128342,347167.77030432306,291441.4276722084,320064.329778394,279706.0134039287,356561.9696986299,364842.4580087754,280665.30903414835,218358.49132956483,353592.3415902851,292594.58611145115,305774.01733983465,292179.90719665337,201292.68682273274,296269.582860654,202357.81257561024,209128.69720216934,348292.0086881858,209502.7863330896
64,291091.35193804995,366526.71924091043,242558.4676324917,203764.4986873032,246416.57477086168,339494.2414468807,326833.158736939,284521.0189621437,247096.47668474467,372844.8157918496,369799.02181665663,277313.13710876234,280471.8409220202,300371.3708640741,323142.9759211207,294456.6322528698,277107.91347810114,266767.45927145466,310128.2562154088,361896.9696227318,186396.20566875112,203081.18412896583,329014.3503460118,289844.87020216347,334962.8241337575,280271.44914178416,274117.13001321454,383553.33770465985,250656.1862965291,316326.96788641816,290583.7047882532,214901.07090563638,224121.55643880356,357878.74727333605,285570.8187973005,321184.8164162414,285857.07445055014,347213.7421439535,352325.90596902935,269708.0965999007,217553.795537944,347920.45707496756,284525.22341429547,299441.2355434347,297900.2403335,208430.79303533654,277555.2640877482,203779.49981205855,197013.65350167526,333365.19975079846,203836.51306623695
65,283716.57856692816,363893.24686499144,243472.5685380079,191134.03911016494,250881.3687729467,340336.42049115675,336195.00461252494,289038.42852333916,246284.0590226587,374446.583442014,363319.4102466778,290946.35102602746,263930.8936671252,307829.0927482194,331353.61194559175,304566.9037220109,281205.5012595206,262423.0113540522,298637.9172860666,372395.7389851096,195839.19272657592,197253.3808355006,332386.2544166709,276556.63821310084,320378.0336431363,290675.04664919525,290713.4544238079,393411.3597824284,259337.29781779766,322545.7605155649,300009.3115377208,208626.83888800946,204913.01437985254,352844.5307328877,295393.87313950877,319190.7546495741,282011.99830836494,337940.46736229176,362973.9112191949,275941.94380835164,198097.2947713935,339508.7790025844,258742.664982357,281782.217079886,278682.1408138477,183501.16768031128,273036.2110072836,191126.08225982092,192711.34849582316,347840.82641677256,202633.07241561025
66,282969.16016790154,362128.51946225704,240409.88029755224,201260.08360743526,243596.67748345985,311771.54188297247,334994.8579365819,291720.6294529058,244232.12262442627,363538.59449292195,375057.21193653974,268413.7354433427,253509.14044424868,316355.8762245242,312612.27031595167,289822.40104878566,255965.63666862308,257797.41783377604,313259.15428254986,357954.996936875,204972.2348429261,191846.8944710388,331692.61089346657,263705.93529224553,339829.3629634133,291709.59156036587,274980.81317389384,366682.2357278472,258641.9249653016,305690.550236911,304505.34218649217,202079.7659796505,213470.42920905587,359868.5321518294,287394.07403454673,316634.4782049719,283130.84754755313,351975.73897283885,343091.79520376003,260375.46922597647,198494.18387937246,345114.09729290643,273734.927300064,292961.92516530916,276743.70766040555,169315.25407168554,287868.58921158535,201156.46223453752,196076.0775860539,347486.5868628102,222470.7476068958
67,287225.395561115,358081.44148450997,225908.3495213954,178127.36118554554,236836.06532914736,330558.8451428219,330090.0329691718,276833.9595692317,237387.93958540205,370339.2378811978,363393.9791078961,263752.1944512047,249362.54024735562,322125.35003421566,318913.58062370255,292379.5524391944,272047.47922343056,267500.24186093,309698.16922709945,367339.8913279355,201251.99148054703,205396.89045594272,326992.09104488906,278793.030243509,337824.9048453525,278683.3728522393,267516.95711726934,376240.00820946175,246819.78917209897,304996.9709814296,286495.6754074838,211816.0431000098,215174.84575087338,353122.54103697155,278288.6928737055,307722.89947513177,268265.5913312238,350045.55814443156,351106.88859107124,269552.16336458817,197487.96050289352,342670.60653118684,266411.2910432899,292998.3037800405,278498.97241425683,194289.09998889742,277157.5129702013,185348.6201519346,200548.8961337577,334702.3170816779,198415.45061244807
68,278050.3277965919,361301.38694866345,226279.98000680862,171633.31614103398,247491.49759300702,314502.45970204764,336685.9591663185,284462.01271390595,232600.95119869386,345617.2830980688,364231.2396108683,269093.8127694182,255349.75103625862,306510.5488489518,313055.068229141,285487.66516702453,279482.3258099626,260462.67631850083,300524.8191549927,369584.7292663983,193612.54600923587,199029.13395844665,333870.0662273933,268891.24208594154,336787.0087140747,275000.21349635127,260405.01449719493,378974.2041453506,254022.87732173785,309425.868511228,285237.0445240296,200684.53946927135,222367.506036436,344545.81417192833,275256.90574196,325157.2360096483,271320.75332284084,341077.86203745735,344710.18312462786,272030.63604577276,204202.0506399674,357525.4643706506,274000.41352555004,276704.7162260497,281611.6325343509,173858.25489923675,266997.965621942,181014.04182261907,173372.22524300372,346057.9243076908,195876.61626570913
69,283551.7291149511,361173.1720088213,233540.8208500383,208884.26882992178,236142.78719814983,318445.7037979655,326935.57589369174,275829.7591285816,239656.5444312861,356891.1624224416,367924.0940652231,260538.90375260072,254571.070973599,310160.6091842691,312781.44572480983,303831.1571821318,254641.84671128035,258689.18865148566,301544.39508369076,357822.2545145077,177719.95629412401,185380.98952788822,323753.0755666369,271979.1669336247,337727.5597754015,283301.83053153666,269700.0801802367,359139.9599634429,244210.27922738463,297748.0070589101,270723.6250799147,203908.50253062235,205869.5068849765,329432.80724077637,269336.8687887604,325927.9644946369,265544.72442027315,342479.5355675873,351070.0261831682,255340.22384565184,203133.47295813935,341740.00155969535,274094.13832888246,271469.344322168,270393.44083995733,192158.31004095398,280499.147751065,185882.90817162493,202289.57250990078,332256.878361784,213573.27658908346
70,276483.0653585172,357170.6219620825,229211.37361363482,176079.11237352015,232866.95399359605,326463.7864261686,319436.1175887469,270950.1479676733,234172.7790678153,373952.09026791126,357276.4295004556,256708.01286518772,260513.60532899568,300357.44613164465,326559.8461650958,300553.10294587485,261907.66033917366,278290.56273351284,297561.5074626987,349673.8304745016,169471.04026302823,191302.23033407025,323756.25343382824,279335.98130339186,335382.2421990499,287483.89189973363,264738.92611394805,377825.26155690604,246722.719821984,306603.6399831137,292004.44750818174,190207.022641031,204307.6954761229,341423.832134893,279091.8550935162,310867.30436404573,273396.5326610877,342155.95790954307,336221.7745613095,252515.6753794677,184362.71155941865,330334.2550483882,278398.7633659559,291408.11506305716,261932.1910388554,195235.40416220357,275307.3207993062,199541.3888543707,187337.46960420397,341378.45745097747,197013.51552485808
71,286230.23689873953,359831.2589170231,210226.99545581633,191457.27423056556,229700.0964060185,301019.3102790354,344118.31597022305,276648.21039470896,240401.53889274487,357728.8147096474,356688.13218086114,257066.97743853534,256552.35967062556,283602.87743111706,328867.00596877304,289588.4753224552,264065.3124796856,264816.3355911072,300126.8380674938,350305.8971246571,182030.45703418835,184688.2122871622,317096.1170881824,273731.2886018603,333305.0886464377,280522.69072881376,270606.95864172495,363099.3851788625,256375.42004476103,306848.8223638775,281044.7671111216,197843.10823617224,205629.44631045184,324677.5090211154,285657.5774715148,306584.50928813545,258467.89275861028,340876.66313131305,346679.77569561964,262230.7152256926,197513.08532170812,329701.6646704348,278487.8088940173,290165.67754585465,273893.49950154405,177776.25472016927,274273.8325851776,173556.21017648716,170578.77425157832,355698.0763920796,205453.88101594528
72,265441.85648371495,349586.99292841007,217989.13858960307,184469.14050616845,237990.57746953808,319721.6509201433,329503.8229557004,282311.45893915393,226252.46206480934,345689.33165758033,348825.3226958971,245661.10824254967,268816.8343725652,288385.7906813799,312367.8356679663,286050.67434489296,260117.2260839681,269411.9582028385,306505.9852173817,347584.0781708262,184284.249099965,177385.18942000202,328279.81487671344,277405.16712232935,321625.4969484374,277277.12949932314,257904.62781453674,373478.8263868992,250468.07125434157,295814.1889162038,287815.7503647249,183104.6456115594,192923.066351255,336474.80503317417,274574.2860554436,305767.76100110414,273768.5078229572,339625.1949602641,323420.5419437828,272764.88909078506,196943.18018051982,322648.5428847504,257168.99161917524,283119.52389281616,272129.74289195903,190129.55448502555,285706.1768649726,192147.98578423366,194452.486806009,331937.338144655,195820.5731433606
73,282977.764407366,356647.55928170076,224180.70257101333,189732.2196961755,222647.9406247576,311417.4304708254,338973.8863251004,284484.3497235865,231137.88751368708,353968.17770164704,357600.56138210004,250419.68772821603,247212.81310730695,297891.3200576578,300413.09440904116,284880.6152744475,262838.6101354888,265729.69678100885,295093.1812951679,360961.5696971139,189795.62897809604,195470.31739849006,317835.17562297743,268562.6509811629,333769.00796864345,273411.0114613066,260644.9809470904,363450.85278674617,255838.31484793284,303305.9738338134,265158.4707730542,195023.4515244331,189635.55466294664,333920.0399138678,276725.1198696072,322236.0700711145,279006.03270210465,336083.8422090093,343549.8185366226,263518.138745275,191547.05434008988,335426.5323601714,270857.8913738782,276045.13474615343,260102.06092033506,187029.9084430156,279099.9234562764,184895.14729027552,201737.68480907404,340005.5991854744,215133.9768141487
74,286009.0437971188,360890.11880125763,212372.30804741255,200298.25809724507,217971.27127338838,310350.8840769141,329179.31855163735,270301.48232627456,241654.88754573397,337122.3258324939,345790.23626451974,257713.37366053724,261949.92432601334,299218.5632715349,310484.8867200288,287578.9565755595,244269.92885704167,249432.06403443235,290525.12323210214,360387.315696528,179785.82558012597,193097.40128077214,316922.8393935315,255452.83920989954,341695.1631093479,278323.8290512831,250451.93849047742,369727.97984185076,235030.13708379967,308511.08278518426,270046.35338722385,195126.35653355252,200746.83318443355,331681.2810859339,261011.20102757306,308493.6284327099,249576.51672875485,340736.86980586295,339940.44075283787,265572.4528400422,188301.00621207006,348966.4857697615,268357.3649586642,281343.8747300409,268206.74589650816,180306.29849346518,260896.3270725429,199163.0463207884,191130.28212980405,338843.8104972215,191225.402378648
75,269847.4152002417,366466.69524556806,228009.08608969787,182633.6332780905,227622.62389814292,312281.6118077751,326431.38560053456,271359.48416686297,220410.42767194964,345312.41561844316,362130.1412511853,265917.77430190344,253466.63613216125,294592.36831367493,327649.7183898839,283306.46199275315,263507.3789181276,261482.70317187934,298540.4990761614,349162.35555648705,185577.8882036961,190286.87629423416,329419.86215018155,249120.2864222461,324904.13611396326,276390.3402633352,257783.87915991893,363465.58714682265,241744.87415770275,292172.7131745551,277091.45860743447,193598.96748155894,208959.70965663,343995.84482832823,279616.6157932198,310183.95772284246,267341.5809869503,327520.92560645624,347315.2405381553,262015.01995366137,185514.80656832567,346077.08976012573,271526.9678479133,281442.0082207601,268639.78825258324,162157.04760855032,274784.4808797228,183008.47500046168,188727.40119399276,334346.5423756978,186725.65354610767
76,289422.29463709675,343598.53742395825,228097.38746215196,187179.5412726245,225767.9351587394,306040.40622407413,332778.3376391899,268296.25801986945,221833.4872473109,371527.37895178125,348355.3271218148,263675.76987125265,249895.6460821651,305053.0282427698,315875.91170630744,276985.4230834667,255095.5115548822,269010.8928072363,287001.60663906264,350985.2733048807,173074.7683528831,186633.830616249,325853.08332681534,257021.75312273606,314780.6803593025,283712.655231019,270789.2501750051,338951.6732307225,255416.03954527265,296265.3883677319,286447.987182996,210177.5321875995,209535.75384962684,327698.7523043162,264634.9378683573,307666.1742663119,258582.9566393998,348692.3327809305,329548.1359256475,248568.79776845535,191942.90093928407,332706.25293930573,257746.05203261282,295660.2432738104,285088.86631680804,178684.44295322004,260210.36531878877,204296.4778617719,185634.52354233223,344422.55893868033,192975.02204289244
77,289979.65022463026,359814.668191314,233218.76848519885,177995.57357987956,226805.90554514065,302632.1885444729,330058.9485573313,279310.9477402134,233719.07770247225,358678.7170297517,363577.04258980363,245804.89375042162,244196.06053404743,292344.0752671583,309068.2013776491,296713.85476539785,238683.4636166179,256233.2311317374,302972.5529209771,347261.6949506456,177070.05308339768,190378.40466314365,325587.16489299695,266542.27099240496,320708.1149299763,277027.92421149806,260046.5551904557,359215.4771494054,242741.22648568844,303820.9924301037,279625.5010025833,191545.1259782957,189075.20444988605,336690.9873031685,274888.6369259421,313929.05524509976,280486.0235308803,332027.19978304015,339464.85934673273,258938.25723903716,181622.68399280187,324932.5742315148,277057.66723497247,266963.3755617749,274025.01662764116,184790.62177251835,281543.99781087914,181277.09193043603,185682.7265608901,336147.7359917977,213369.30707810723
78,283593.2969779307,356267.7212347734,214554.31335886044,186084.72293247946,233982.2167670186,308992.33919850824,322335.0291212343,277113.11793037923,247765.6722568038,353478.06244097935,360257.92232871207,265141.0869531157,256755.25890280446,288027.8968369726,307474.00221735256,284301.78195357975,262987.768144174,250076.47966285108,301161.2555691906,368075.4590456716,169653.0908276693,183578.27950026692,318452.6434378086,266711.4672983973,311867.0360196643,274688.27049195685,256278.72876463554,363923.81583772163,249395.35114111347,292924.47964332555,276354.3953683248,187324.83122710377,204210.9923581781,333446.8327245565,265982.32182866713,302792.284474879,260936.91572013954,342428.8830444477,345330.39663023624,249417.96374006048,189218.05908724095,328973.26158309315,267883.4849429573,295932.9547376546,269391.74744661985,176370.42954510936,284277.0641828061,187747.93236105307,184457.51183265174,354256.9411286212,194706.69201768935
79,266783.74679035565,339145.5220388478,222217.252010452,171190.55392696513,246281.95829591597,306476.04559365805,326725.93283528835,280881.16991443234,228103.36787158993,347423.51735816477,352311.49436225195,257982.38244334128,254889.75234668088,298939.70567308273,326290.1065538552,289971.887825563,264390.2720432335,241603.13577341914,288324.46144804196,350197.24052010826,192547.49736782303,173148.95402878514,325393.48207353335,263734.0702327059,336557.33037586376,269484.05175259284,253168.49632648155,364145.4648870649,244363.2778991016,305820.04790492286,282125.10064298415,188695.69275481056,204042.99243756625,321002.65182044206,270532.44941461424,298788.1000987792,266263.30364775663,317992.99540274113,336417.78265493974,258390.26121126424,182408.41263911538,323881.0784255869,274966.1086087722,274246.12456462404,275763.3951453569,180233.4567637671,284314.1992995931,194311.2594480057,194286.3979009021,334259.9350892654,195041.95926192522
